[
        {
            "id":1,
            "description": "Papel",
            "price": "$15",
            "count": 5
        },

        {
            "id":2,
            "description": "Papel",
            "price": "$15",
            "count": 5
        },

        {
            "id":3,
            "description": "Papel",
            "price": "$15",
            "count": 5
        },

        {
            "id":4,
            "description": "Papel",
            "price": "$15",
            "count": 5
        },

        {
            "id":5,
            "description": "Jabon",
            "price": "$15",
            "count": 5
        },

        {
            "id":6,
            "description": "Papel",
            "price": "$15",
            "count": 5
        },

        {
            "id":7,
            "description": "Papel",
            "price": "$15",
            "count": 5
        },

        {
            "id":1,
            "description": "Papel",
            "price": "$15",
            "count": 5
        },

        {
            "id":1,
            "description": "Papel",
            "price": "$15",
            "count": 5
        },

        {
            "id":1,
            "description": "Papel",
            "price": "$15",
            "count": 5
        }


    ]